Food,Category,Last_Date_Eaten,Days_Since_Eaten,Total_Count,Todoist_Priority
Coffee,Other,2026-10-01,3,263,2
Chocolate,Other,2026-10-01,3,207,2
Rice,Other,2026-10-01,3,123,2
Oats,Other,2026-10-01,3,122,2
Potato,Vegetables,2026-10-01,3,86,2
Peanut,Other,2026-10-01,3,79,2
Almond,Other,2026-10-01,3,78,2
Blueberries,Fruit,2026-10-01,3,75,2
Banana,Fruit,2026-10-01,3,73,2
Pumpkin Seed,Other,2026-10-01,3,72,2
Raspberries,Fruit,2026-10-01,3,66,2
Sunflower Seed,Other,2026-10-01,3,65,2
Strawberries,Fruit,2026-10-01,3,65,2
Brazil Nut,Other,2026-10-01,3,63,2
Avocado,Fruit,2026-10-01,3,62,2
Onion,Vegetables,2026-10-01,3,62,2
Cranberries,Fruit,2026-10-01,3,61,2
Blackberries,Fruit,2026-10-01,3,59,2
Tomato,Vegetables,2026-10-01,3,57,2
Hazelnut,Other,2026-10-01,3,54,2
Coconut,Other,2026-10-01,3,54,2
Walnut,Other,2026-10-01,3,51,2
Pepper,Vegetables,2026-10-01,3,50,2
Mushroom,Vegetables,2026-10-01,3,50,2
Pistachio,Other,2026-10-01,3,50,2
Broccoli,Vegetables,2026-10-01,3,48,2
Sweet Potato,Vegetables,2026-10-01,3,48,2
Apple,Fruit,2026-10-01,3,48,2
Cherries,Fruit,2026-10-01,3,47,2
Haricot Bean,Other,2026-10-01,3,40,2
Grape,Fruit,2026-10-01,3,32,2
Carrot,Vegetables,2026-10-01,3,31,2
Pecan,Other,2026-10-01,3,29,2
Flaxseed,Other,2026-10-01,3,27,2
Turmeric,Other,2026-10-01,3,27,2
Mango,Fruit,2026-10-01,3,24,2
Popcorn,Other,2026-10-01,3,22,2
Cucumber,Vegetables,2026-10-01,3,21,2
Pinto Beans,Other,2026-10-01,3,16,2
Lentils,Other,2026-10-01,3,16,2
Sweetcorn,Vegetables,2026-10-01,3,16,2
Melon,Fruit,2026-10-01,3,16,2
Kidney Bean,Other,2026-10-01,3,15,2
Watermelon,Fruit,2026-10-01,3,14,2
Chickpea,Other,2026-10-01,3,14,2
Kiwi,Fruit,2026-10-01,3,12,2
Pak Choi,Vegetables,2026-10-01,3,12,2
Black Beans,Other,2026-10-01,3,12,2
Cabbage,Vegetables,2026-10-01,3,12,2
Edamame,Other,2026-10-01,3,11,2
Aubergine,Vegetables,2026-10-01,3,11,2
Parsnip,Vegetables,2026-10-01,3,10,2
Peas,Vegetables,2026-10-01,3,10,2
Pear,Fruit,2026-10-01,3,9,2
Spinach,Vegetables,2026-10-01,3,9,2
Green Beans,Vegetables,2026-10-01,3,8,2
Prunes,Fruit,2026-10-01,3,8,2
Olive,Vegetables,2026-10-01,3,8,2
Dates,Fruit,2026-10-01,3,8,2
Grapefruit,Fruit,2026-10-01,3,7,2
Nectarine,Fruit,2026-10-01,3,7,2
Spring Onion,Vegetables,2026-10-01,3,7,2
Chia Seed,Other,2026-10-01,3,7,2
Cannellini Beans,Other,2026-10-01,3,7,2
Brussels Sprout,Vegetables,2026-10-01,3,6,2
Courgette,Vegetables,2026-10-01,3,6,2
Kale,Vegetables,2026-10-01,3,6,2
Kimchi,Other,2026-10-01,3,6,2
Red cabbage,Vegetables,2026-10-01,3,6,2
Papaya,Fruit,2026-10-01,3,6,2
Butter Beans,Other,2026-10-01,3,6,2
Beetroot,Vegetables,2026-10-01,3,6,2
Cauliflower,Vegetables,2026-10-01,3,6,2
Orange,Fruit,2026-10-01,3,5,2
Pine Nut,Other,2026-10-01,3,5,2
Turnip,Vegetables,2026-10-01,3,5,2
Black Eyed Peas,Other,2026-10-01,3,5,2
Butternut Squash,Vegetables,2026-10-01,3,5,2
Pomegranate,Fruit,2026-10-01,3,5,2
Apricot,Fruit,2026-10-01,3,5,2
Artichoke,Vegetables,2026-10-01,3,4,2
Beansprouts,Vegetables,2026-10-01,3,4,2
Celery,Vegetables,2026-10-01,3,4,2
Dragonfruit,Fruit,2026-10-01,3,4,2
Fig,Fruit,2026-10-01,3,4,2
Lambs Lettuce,Vegetables,2026-10-01,3,4,2
Passion Fruit,Fruit,2026-10-01,3,4,2
Quinoa,Other,2026-10-01,3,4,2
Rocket,Vegetables,2026-10-01,3,4,2
Rosa verde,Vegetables,2026-10-01,3,4,2
